{
    "loss": 45.695552825927734,
    "accuracy": 0.5686274766921997
}